Metric,Value
Margin,0.03884060831898305
Sharpe Ratio,-0.016397031144759603
Sortino Ratio,-0.029174736187980846
