Metric,Value
Margin,0.053857536964369276
Sharpe Ratio,-0.010862597475697441
Sortino Ratio,-0.018006762873747813
