Metric,Value
Margin,0.07404127052421666
Sharpe Ratio,-0.046673284502976566
Sortino Ratio,-0.08416646496744609
